subject,target_distance,condition,perc_dist,sd_perc_dist,sem_perc_dist,logperc_dist,logperc_dist_sem
S001,1,Incongruous room,1.75,0.28867513459481287,0.14433756729740643,0.24303804868629444,-0.8406206186877936
S001,1,Closed headphones,1.625,0.47871355387816905,0.23935677693908453,0.21085336531489318,-0.6209542717726623
S001,1,Individualized HRTF,2,0,0,0.3010299956639812,-Inf
S001,1,Real speakers,2.125,0.6291528696058958,0.3145764348029479,0.32735893438633035,-0.5022738138753603
S001,1,Non-individualized HRTF,3.25,0.5,0.25,0.5118833609788743,-0.6020599913279624
S001,2,Incongruous room,4,0.816496580927726,0.408248290463863,0.6020599913279624,-0.3890756251918218
S001,2,Closed headphones,2.5,0.7071067811865476,0.3535533905932738,0.3979400086720376,-0.45154499349597177
S001,2,Individualized HRTF,4.5,0.5773502691896257,0.28867513459481287,0.6532125137753437,-0.5395906230238124
S001,2,Real speakers,5,0,0,0.6989700043360189,-Inf
S001,2,Non-individualized HRTF,5.5,0.5773502691896257,0.28867513459481287,0.7403626894942439,-0.5395906230238124
S001,3,Incongruous room,5.25,1.2583057392117916,0.6291528696058958,0.7201593034059569,-0.20124381821137916
S001,3,Closed headphones,3.5,0.5773502691896257,0.28867513459481287,0.5440680443502757,-0.5395906230238124
S001,3,Individualized HRTF,5,0,0,0.6989700043360189,-Inf
S001,3,Real speakers,7.5,1.7320508075688772,0.8660254037844386,0.8750612633917001,-0.06246936830415
S001,3,Non-individualized HRTF,8.5,1,0.5,0.9294189257142927,-0.3010299956639812
S001,4,Incongruous room,5.25,0.5,0.25,0.7201593034059569,-0.6020599913279624
S001,4,Closed headphones,4.25,0.9574271077563381,0.47871355387816905,0.6283889300503115,-0.31992427610868107
S001,4,Individualized HRTF,6.75,0.5,0.25,0.829303772831025,-0.6020599913279624
S001,4,Real speakers,7.25,1.2583057392117916,0.6291528696058958,0.8603380065709937,-0.20124381821137916
S001,4,Non-individualized HRTF,9.5,2.516611478423583,1.2583057392117916,0.9777236052888477,0.09978617745260204
S001,5,Incongruous room,6.25,0.5,0.25,0.7958800173440752,-0.6020599913279624
S001,5,Closed headphones,4,0.816496580927726,0.408248290463863,0.6020599913279624,-0.3890756251918218
S001,5,Individualized HRTF,6.5,0.5773502691896257,0.28867513459481287,0.8129133566428556,-0.5395906230238124
S001,5,Real speakers,7.25,1.2583057392117916,0.6291528696058958,0.8603380065709937,-0.20124381821137916
S001,5,Non-individualized HRTF,10.25,1.8929694486000912,0.9464847243000456,1.0107238653917732,-0.023886390898000348
S001,6,Incongruous room,6.125,1.0307764064044151,0.5153882032022076,0.7871060930365701,-0.2878655263028066
S001,6,Closed headphones,5,0.816496580927726,0.408248290463863,0.6989700043360189,-0.3890756251918218
S001,6,Individualized HRTF,7,0.816496580927726,0.408248290463863,0.8450980400142568,-0.3890756251918218
S001,6,Real speakers,8,1.632993161855452,0.816496580927726,0.9030899869919435,-0.08804562952784062
S001,6,Non-individualized HRTF,10.5,1,0.5,1.021189299069938,-0.3010299956639812
S002,1,Incongruous room,0.625,0.25,0.125,-0.2041199826559248,-0.9030899869919435
S002,1,Closed headphones,0.2,0,0,-0.6989700043360187,-Inf
S002,1,Individualized HRTF,0.9,0.11547005383792512,0.05773502691896256,-0.045757490560675115,-1.2385606273598313
S002,1,Real speakers,0.8,0.16329931618554522,0.08164965809277261,-0.09691001300805639,-1.0880456295278407
S002,1,Non-individualized HRTF,0.95,0.09999999999999998,0.04999999999999999,-0.022276394711152253,-1.3010299956639813
S002,2,Incongruous room,2,0.408248290463863,0.2041241452319315,0.3010299956639812,-0.690105620855803
S002,2,Closed headphones,0.725,0.5439056290693574,0.2719528145346787,-0.13966199342900631,-0.5655064421602466
S002,2,Individualized HRTF,1.9,0.4546060565661952,0.2273030282830976,0.2787536009528289,-0.6433947782746855
S002,2,Real speakers,1.575,0.29860788111948194,0.14930394055974097,0.19728055812561932,-0.8259287298451888
S002,2,Non-individualized HRTF,2.15,0.17320508075688762,0.08660254037844381,0.33243845991560533,-1.0624693683041502
S002,3,Incongruous room,2.7,0.725718035235908,0.362859017617954,0.43136376415898736,-0.44026207954660107
S002,3,Closed headphones,1.1,0.6164414002968976,0.3082207001484488,0.04139268515822508,-0.5111381973555761
S002,3,Individualized HRTF,2.8499999999999996,0.4932882862316248,0.2466441431158124,0.45484486000851015,-0.6079291929635844
S002,3,Real speakers,2.5,0.5773502691896257,0.28867513459481287,0.3979400086720376,-0.5395906230238124
S002,3,Non-individualized HRTF,3.45,1.0376254944182253,0.5188127472091126,0.5378190950732742,-0.284989361858261
S002,4,Incongruous room,3.25,0.6454972243679028,0.3227486121839514,0.5118833609788743,-0.4911356165197842
S002,4,Closed headphones,1.575,0.15000000000000002,0.07500000000000001,0.19728055812561932,-1.1249387366083
S002,4,Individualized HRTF,3.875,1.0307764064044151,0.5153882032022076,0.5882717068423291,-0.2878655263028066
S002,4,Real speakers,2.7,0.6782329983125268,0.3391164991562634,0.43136376415898736,-0.46965107982319415
S002,4,Non-individualized HRTF,4.2,0.8717797887081347,0.43588989435406733,0.6232492903979004,-0.36062319952358557
S002,5,Incongruous room,2.375,0.8539125638299665,0.42695628191498325,0.3756636139608854,-0.369616592176637
S002,5,Closed headphones,1.825,0.85,0.425,0.2612628687924935,-0.37161106994968846
S002,5,Individualized HRTF,2.65,0.574456264653803,0.2872281323269015,0.42324587393680785,-0.5417730257250374
S002,5,Real speakers,2.95,0.8020806277010643,0.4010403138505321,0.46982201597816303,-0.39681196851992556
S002,5,Non-individualized HRTF,4.125,0.25,0.125,0.6154239528859439,-0.9030899869919435
S002,6,Incongruous room,3.625,0.47871355387816905,0.23935677693908453,0.5593080109070125,-0.6209542717726623
S002,6,Closed headphones,2.125,0.25,0.125,0.32735893438633035,-0.9030899869919435
S002,6,Individualized HRTF,4.25,0.6454972243679028,0.3227486121839514,0.6283889300503115,-0.4911356165197842
S002,6,Real speakers,3.45,0.8020806277010644,0.4010403138505322,0.5378190950732742,-0.3968119685199255
S002,6,Non-individualized HRTF,4.825,0.6238322424070967,0.31191612120354834,0.6834973176798114,-0.5059621784047376
S003,1,Individualized HRTF,0.575,0.04999999999999999,0.024999999999999994,-0.24033215531036956,-1.6020599913279625
S003,1,Real speakers,1.125,0.27537852736430507,0.13768926368215254,0.05115252244738129,-0.8610999225272469
S003,1,Non-individualized HRTF,0.6,NA,NA,-0.2218487496163564,NA
S003,2,Individualized HRTF,1.6,0.1825741858350554,0.0912870929175277,0.2041199826559248,-1.0395906230238123
S003,2,Real speakers,2.1,0.6055300708194983,0.30276503540974914,0.3222192947339193,-0.5188942804447
S003,2,Non-individualized HRTF,1.7,NA,NA,0.2304489213782739,NA
S003,3,Individualized HRTF,2.475,0.4112987559751022,0.2056493779875511,0.39357520326958756,-0.6868725997311872
S003,3,Real speakers,2.825,0.23629078131263043,0.11814539065631521,0.4510184521554574,-0.9275832173373804
S003,3,Non-individualized HRTF,2.7,NA,NA,0.43136376415898736,NA
S003,4,Individualized HRTF,2.4749999999999996,0.3947573094109003,0.19737865470545016,0.39357520326958745,-0.7046998154195442
S003,4,Real speakers,3.225,0.4856267428111155,0.24281337140555775,0.5085297189712866,-0.6147274009256485
S003,4,Non-individualized HRTF,2.5,NA,NA,0.3979400086720376,NA
S003,5,Individualized HRTF,2.45,0.1914854215512678,0.0957427107756339,0.3891660843645325,-1.0188942804446994
S003,5,Real speakers,3.3,0.21602468994692867,0.10801234497346433,0.5185139398778874,-0.9665266051846935
S003,5,Non-individualized HRTF,2,NA,NA,0.3010299956639812,NA
S003,6,Individualized HRTF,3.05,0.5446711546122731,0.27233557730613656,0.48429983934678583,-0.5648956197013559
S003,6,Real speakers,3.3,0.41633319989322654,0.20816659994661327,0.5185139398778874,-0.6815889512064128
S003,6,Non-individualized HRTF,3,NA,NA,0.47712125471966244,NA
S004,1,Incongruous room,1.625,0.25,0.125,0.21085336531489318,-0.9030899869919435
S004,1,Closed headphones,1.875,0.25,0.125,0.27300127206373764,-0.9030899869919435
S004,1,Individualized HRTF,1.5,0,0,0.17609125905568124,-Inf
S004,1,Real speakers,1.625,0.25,0.125,0.21085336531489318,-0.9030899869919435
S004,1,Non-individualized HRTF,1.5,0,0,0.17609125905568124,-Inf
S004,2,Incongruous room,2.625,0.25,0.125,0.4191293077419757,-0.9030899869919435
S004,2,Closed headphones,2.375,0.25,0.125,0.3756636139608854,-0.9030899869919435
S004,2,Individualized HRTF,3.25,0.28867513459481287,0.14433756729740643,0.5118833609788743,-0.8406206186877936
S004,2,Real speakers,3.125,0.25,0.125,0.494850021680094,-0.9030899869919435
S004,2,Non-individualized HRTF,3.375,0.25,0.125,0.5282737771670437,-0.9030899869919435
S004,3,Incongruous room,3.125,0.6291528696058958,0.3145764348029479,0.494850021680094,-0.5022738138753603
S004,3,Closed headphones,3,0.408248290463863,0.2041241452319315,0.47712125471966244,-0.690105620855803
S004,3,Individualized HRTF,3.5625,0.125,0.0625,0.5517548730165667,-1.2041199826559248
S004,3,Real speakers,3.4375,0.3145764348029479,0.15728821740147395,0.5362427068383191,-0.8033038095393416
S004,3,Non-individualized HRTF,3.6875,0.23935677693908453,0.11967838846954226,0.5667320289862194,-0.9219842674366435
S004,4,Incongruous room,2.875,0.47871355387816905,0.23935677693908453,0.4586378490256493,-0.6209542717726623
S004,4,Closed headphones,3.25,0.6454972243679028,0.3227486121839514,0.5118833609788743,-0.4911356165197842
S004,4,Individualized HRTF,3.5625,0.375,0.1875,0.5517548730165667,-0.7269987279362623
S004,4,Real speakers,3.4375,0.3145764348029479,0.15728821740147395,0.5362427068383191,-0.8033038095393416
S004,4,Non-individualized HRTF,4.125,0.47871355387816905,0.23935677693908453,0.6154239528859439,-0.6209542717726623
S004,5,Incongruous room,3.625,0.47871355387816905,0.23935677693908453,0.5593080109070125,-0.6209542717726623
S004,5,Closed headphones,3.375,0.47871355387816905,0.23935677693908453,0.5282737771670437,-0.6209542717726623
S004,5,Individualized HRTF,3.625,0.25,0.125,0.5593080109070125,-0.9030899869919435
S004,5,Real speakers,3.875,0.25,0.125,0.5882717068423291,-0.9030899869919435
S004,5,Non-individualized HRTF,4.125,0.25,0.125,0.6154239528859439,-0.9030899869919435
S004,6,Incongruous room,4.125,0.6291528696058958,0.3145764348029479,0.6154239528859439,-0.5022738138753603
S004,6,Closed headphones,3.625,0.47871355387816905,0.23935677693908453,0.5593080109070125,-0.6209542717726623
S004,6,Individualized HRTF,3.8125,0.23935677693908453,0.11967838846954226,0.5812098523548422,-0.9219842674366435
S004,6,Real speakers,3.875,0.14433756729740643,0.07216878364870322,0.5882717068423291,-1.1416506143517748
S004,6,Non-individualized HRTF,4.05,0.10000000000000009,0.050000000000000044,0.6074550232146685,-1.3010299956639808
S005,1,Incongruous room,1.25,0.9574271077563381,0.47871355387816905,0.09691001300805642,-0.31992427610868107
S005,1,Closed headphones,1.375,0.75,0.375,0.13830269816628146,-0.42596873227228116
S005,1,Individualized HRTF,0.75,0.28867513459481287,0.14433756729740643,-0.12493873660829995,-0.8406206186877936
S005,1,Real speakers,0.575,0.2872281323269014,0.1436140661634507,-0.24033215531036956,-0.8428030213890186
S005,1,Non-individualized HRTF,0.625,0.25,0.125,-0.2041199826559248,-0.9030899869919435
S005,2,Incongruous room,1.45,0.6658328118479393,0.33291640592396965,0.16136800223497488,-0.4776648025402695
S005,2,Closed headphones,2.45,0.3316624790355399,0.16583123951776996,0.3891660843645325,-0.7803336530848688
S005,2,Individualized HRTF,1.625,0.47871355387816905,0.23935677693908453,0.21085336531489318,-0.6209542717726623
S005,2,Real speakers,1.375,0.25,0.125,0.13830269816628146,-0.9030899869919435
S005,2,Non-individualized HRTF,1.25,0.28867513459481287,0.14433756729740643,0.09691001300805642,-0.8406206186877936
S005,3,Incongruous room,1.525,1.6740669042783205,0.83703345213916025,0.1832698436828046,-0.07725718503047585
S005,3,Closed headphones,1.125,0.9464847243000456,0.4732423621500228,0.05115252244738129,-0.3249163865619815
S005,3,Individualized HRTF,2.25,0.5,0.25,0.3521825181113625,-0.6020599913279624
S005,3,Real speakers,2,0.408248290463863,0.2041241452319315,0.3010299956639812,-0.690105620855803
S005,3,Non-individualized HRTF,2.125,0.25,0.125,0.32735893438633035,-0.9030899869919435
S005,4,Incongruous room,1.525,0.9535023160258534,0.4767511580129267,0.1832698436828046,-0.3217082433936227
S005,4,Closed headphones,0.575,0.15000000000000002,0.07500000000000001,-0.24033215531036956,-1.1249387366083
S005,4,Individualized HRTF,2.25,0.5,0.25,0.3521825181113625,-0.6020599913279624
S005,4,Real speakers,2.075,0.1499999999999999,0.07499999999999996,0.31701810104811157,-1.1249387366083001
S005,4,Non-individualized HRTF,1.875,0.25,0.125,0.27300127206373764,-0.9030899869919435
S005,5,Incongruous room,2.375,1.7576025337563288,0.8788012668781644,0.3756636139608854,-0.05610932567301176
S005,5,Closed headphones,0.5,0,0,-0.3010299956639812,-Inf
S005,5,Individualized HRTF,2.5,0.5773502691896257,0.28867513459481287,0.3979400086720376,-0.5395906230238124
S005,5,Real speakers,2.125,0.25,0.125,0.32735893438633035,-0.9030899869919435
S005,5,Non-individualized HRTF,1.875,0.25,0.125,0.27300127206373764,-0.9030899869919435
S005,6,Incongruous room,1.6,0.4546060565661952,0.2273030282830976,0.2041199826559248,-0.6433947782746855
S005,6,Closed headphones,1.625,1.1086778913041726,0.5543389456520863,0.21085336531489318,-0.25622460853070267
S005,6,Individualized HRTF,2.375,0.47871355387816905,0.23935677693908453,0.3756636139608854,-0.6209542717726623
S005,6,Real speakers,2.75,0.5,0.25,0.43933269383026263,-0.6020599913279624
S005,6,Non-individualized HRTF,2.375,0.25,0.125,0.3756636139608854,-0.9030899869919435
S006,1,Incongruous room,0,0,0,-Inf,-Inf
S006,1,Closed headphones,0,0,0,-Inf,-Inf
S006,1,Individualized HRTF,0.75,0.28867513459481287,0.14433756729740643,-0.12493873660829995,-0.8406206186877936
S006,1,Real speakers,1,0,0,0,-Inf
S006,1,Non-individualized HRTF,0.75,0.28867513459481287,0.14433756729740643,-0.12493873660829995,-0.8406206186877936
S006,2,Incongruous room,0.15625,0.11967838846954226,0.05983919423477113,-0.8061799739838872,-1.2230142631006247
S006,2,Closed headphones,0.3125,0.125,0.0625,-0.5051499783199059,-1.2041199826559248
S006,2,Individualized HRTF,2.25,0.5,0.25,0.3521825181113625,-0.6020599913279624
S006,2,Real speakers,1.875,0.25,0.125,0.27300127206373764,-0.9030899869919435
S006,2,Non-individualized HRTF,1.75,0.9574271077563381,0.47871355387816905,0.24303804868629444,-0.31992427610868107
S006,3,Incongruous room,0.1875,0.125,0.0625,-0.7269987279362623,-1.2041199826559248
S006,3,Closed headphones,0.56375,0.3129263757925603,0.15646318789628014,-0.24891344511398308,-0.805587825364064
S006,3,Individualized HRTF,2.125,0.25,0.125,0.32735893438633035,-0.9030899869919435
S006,3,Real speakers,3.5,0.5773502691896257,0.28867513459481287,0.5440680443502757,-0.5395906230238124
S006,3,Non-individualized HRTF,3,0.816496580927726,0.408248290463863,0.47712125471966244,-0.3890756251918218
S006,4,Incongruous room,0.15625,0.11967838846954226,0.05983919423477113,-0.8061799739838872,-1.2230142631006247
S006,4,Closed headphones,0.5,0,0,-0.3010299956639812,-Inf
S006,4,Individualized HRTF,3.75,0.5,0.25,0.5740312677277188,-0.6020599913279624
S006,4,Real speakers,3.75,1.0408329997330663,0.5204164998665332,0.5740312677277188,-0.2836489425343752
S006,4,Non-individualized HRTF,4.25,0.5,0.25,0.6283889300503115,-0.6020599913279624
S006,5,Incongruous room,0.3125,0.125,0.0625,-0.5051499783199059,-1.2041199826559248
S006,5,Closed headphones,0.5,0.3535533905932738,0.1767766952966369,-0.3010299956639812,-0.7525749891599529
S006,5,Individualized HRTF,4.25,1.2583057392117916,0.6291528696058958,0.6283889300503115,-0.20124381821137916
S006,5,Real speakers,4,0.7071067811865476,0.3535533905932738,0.6020599913279624,-0.45154499349597177
S006,5,Non-individualized HRTF,4.5,0.5773502691896257,0.28867513459481287,0.6532125137753437,-0.5395906230238124
S006,6,Incongruous room,0.5,0,0,-0.3010299956639812,-Inf
S006,6,Closed headphones,0.875,0.25,0.125,-0.057991946977686754,-0.9030899869919435
S006,6,Individualized HRTF,5,0,0,0.6989700043360189,-Inf
S006,6,Real speakers,4.75,0.5,0.25,0.6766936096248666,-0.6020599913279624
S006,6,Non-individualized HRTF,4.375,0.75,0.375,0.640978057358332,-0.42596873227228116
S007,1,Incongruous room,2.5,1,0.5,0.3979400086720376,-0.3010299956639812
S007,1,Closed headphones,4.25,2.8722813232690143,1.4361406616345072,0.6283889300503115,0.15719697861098134
S007,1,Individualized HRTF,0.65,0.17320508075688776,0.08660254037844388,-0.18708664335714442,-1.06246936830415
S007,1,Real speakers,1.425,0.43493294502332963,0.21746647251166482,0.153814864344529,-0.6626076900912322
S007,1,Non-individualized HRTF,0.75,0.20816659994661327,0.10408329997330663,-0.12493873660829995,-0.9826189468703941
S007,2,Incongruous room,4.25,0.9574271077563381,0.47871355387816905,0.6283889300503115,-0.31992427610868107
S007,2,Closed headphones,5.75,2.6299556396765835,1.3149778198382918,0.7596678446896304,0.11891842750024337
S007,2,Individualized HRTF,2.075,0.5057996968497839,0.25289984842489194,0.31701810104811157,-0.5970514309492004
S007,2,Real speakers,2.7,0.4760952285695233,0.23804761428476165,0.43136376415898736,-0.6233361666706942
S007,2,Non-individualized HRTF,2.25,0.8660254037844386,0.4330127018922193,0.3521825181113625,-0.3634993639681312
S007,3,Incongruous room,4.25,1.5,0.75,0.6283889300503115,-0.12493873660829995
S007,3,Closed headphones,4.25,1.5,0.75,0.6283889300503115,-0.12493873660829995
S007,3,Individualized HRTF,3.25,0.5,0.25,0.5118833609788743,-0.6020599913279624
S007,3,Real speakers,3.5,0,0,0.5440680443502757,-Inf
S007,3,Non-individualized HRTF,3.825,1.1354147553500733,0.5677073776750367,0.5826314394896365,-0.24587546183810982
S007,4,Incongruous room,6.5,2.3804761428476167,1.1902380714238083,0.8129133566428556,0.07563383766532455
S007,4,Closed headphones,7,2.581988897471611,1.2909944487358056,0.8450980400142568,0.11092437480817817
S007,4,Individualized HRTF,4.125,0.6291528696058958,0.3145764348029479,0.6154239528859439,-0.5022738138753603
S007,4,Real speakers,3.625,0.47871355387816905,0.23935677693908453,0.5593080109070125,-0.6209542717726623
S007,4,Non-individualized HRTF,4,0.816496580927726,0.408248290463863,0.6020599913279624,-0.3890756251918218
S007,5,Incongruous room,4.75,0.9574271077563381,0.47871355387816905,0.6766936096248666,-0.31992427610868107
S007,5,Closed headphones,8.5,3,1.5,0.9294189257142927,0.17609125905568124
S007,5,Individualized HRTF,3.5,0.7071067811865476,0.3535533905932738,0.5440680443502757,-0.45154499349597177
S007,5,Real speakers,4,0.408248290463863,0.2041241452319315,0.6020599913279624,-0.690105620855803
S007,5,Non-individualized HRTF,4.875,0.47871355387816905,0.23935677693908453,0.6879746200345557,-0.6209542717726623
S007,6,Incongruous room,8,3.6514837167011076,1.8257418583505538,0.9030899869919435,0.2614393726401688
S007,6,Closed headphones,8.75,2.5,1.25,0.9420080530223133,0.09691001300805642
S007,6,Individualized HRTF,4.25,0.6454972243679028,0.3227486121839514,0.6283889300503115,-0.4911356165197842
S007,6,Real speakers,4.075,0.298607881119482,0.149303940559741,0.6101276130759954,-0.8259287298451887
S007,6,Non-individualized HRTF,5.5,0.408248290463863,0.2041241452319315,0.7403626894942439,-0.690105620855803
S008,1,Incongruous room,0.65,0.3109126351029605,0.15545631755148026,-0.18708664335714442,-0.8083916240743343
S008,1,Closed headphones,1.325,0.5377421934967226,0.2688710967483613,0.12221587827282664,-0.5704558812923568
S008,1,Individualized HRTF,1.375,0.47871355387816905,0.23935677693908453,0.13830269816628146,-0.6209542717726623
S008,1,Real speakers,1.75,0.28867513459481287,0.14433756729740643,0.24303804868629444,-0.8406206186877936
S008,1,Non-individualized HRTF,1.875,0.47871355387816905,0.23935677693908453,0.27300127206373764,-0.6209542717726623
S008,2,Incongruous room,1.8,0.5715476066494082,0.2857738033247041,0.25527250510330607,-0.543977585177565
S008,2,Closed headphones,2.5,1,0.5,0.3979400086720376,-0.3010299956639812
S008,2,Individualized HRTF,2.25,0.28867513459481287,0.14433756729740643,0.3521825181113625,-0.8406206186877936
S008,2,Real speakers,3,0,0,0.47712125471966244,-Inf
S008,2,Non-individualized HRTF,3.125,1.0307764064044151,0.5153882032022076,0.494850021680094,-0.2878655263028066
S008,3,Incongruous room,1.7000000000000002,0.5033222956847168,0.2516611478423584,0.23044892137827397,-0.5991838268834166
S008,3,Closed headphones,3.375,0.47871355387816905,0.23935677693908453,0.5282737771670437,-0.6209542717726623
S008,3,Individualized HRTF,2.875,0.6291528696058958,0.3145764348029479,0.4586378490256493,-0.5022738138753603
S008,3,Real speakers,4.5,1.2909944487358056,0.6454972243679028,0.6532125137753437,-0.19010562085580301
S008,3,Non-individualized HRTF,3.625,0.47871355387816905,0.23935677693908453,0.5593080109070125,-0.6209542717726623
S008,4,Incongruous room,1.775,0.45734742446707466,0.22867371223353733,0.24919835739111287,-0.6407837579472746
S008,4,Closed headphones,3.625,0.9464847243000456,0.4732423621500228,0.5593080109070125,-0.3249163865619815
S008,4,Individualized HRTF,4.375,0.75,0.375,0.640978057358332,-0.42596873227228116
S008,4,Real speakers,4.5,0.5773502691896257,0.28867513459481287,0.6532125137753437,-0.5395906230238124
S008,4,Non-individualized HRTF,4.25,0.5,0.25,0.6283889300503115,-0.6020599913279624
S008,5,Incongruous room,1.7,0.24494897427831783,0.12247448713915891,0.2304489213782739,-0.9119543704721593
S008,5,Closed headphones,3,0.816496580927726,0.408248290463863,0.47712125471966244,-0.3890756251918218
S008,5,Individualized HRTF,3,0.408248290463863,0.2041241452319315,0.47712125471966244,-0.690105620855803
S008,5,Real speakers,5.75,0.5,0.25,0.7596678446896304,-0.6020599913279624
S008,5,Non-individualized HRTF,4.125,1.0307764064044151,0.5153882032022076,0.6154239528859439,-0.2878655263028066
S008,6,Incongruous room,2.425,0.298607881119482,0.149303940559741,0.3847117429382824,-0.8259287298451887
S008,6,Closed headphones,4.5,1.8708286933869707,0.9354143466934853,0.6532125137753437,-0.028995973488843384
S008,6,Individualized HRTF,4.25,0.6454972243679028,0.3227486121839514,0.6283889300503115,-0.4911356165197842
S008,6,Real speakers,6,0,0,0.7781512503836436,-Inf
S008,6,Non-individualized HRTF,4.875,0.6291528696058958,0.3145764348029479,0.6879746200345557,-0.5022738138753603
S009,1,Incongruous room,0.1875,0.02500000000000001,0.012500000000000004,-0.7269987279362623,-1.9030899869919435
S009,1,Closed headphones,0.4,0.11547005383792516,0.05773502691896258,-0.3979400086720376,-1.238560627359831
S009,1,Individualized HRTF,1,0,0,0,-Inf
S009,1,Real speakers,1,0,0,0,-Inf
S009,1,Non-individualized HRTF,1,0,0,0,-Inf
S009,2,Incongruous room,0.325,0.12583057392117916,0.06291528696058958,-0.4881166390211256,-1.2012438182113792
S009,2,Closed headphones,0.7,0.5416025603090641,0.27080128015453203,-0.1549019599857432,-0.5673492869487281
S009,2,Individualized HRTF,2,0,0,0.3010299956639812,-Inf
S009,2,Real speakers,2.125,0.6291528696058958,0.3145764348029479,0.32735893438633035,-0.5022738138753603
S009,2,Non-individualized HRTF,2,0,0,0.3010299956639812,-Inf
S009,3,Incongruous room,0.4875,0.3705289012569285,0.18526445062846425,-0.3120253799654444,-0.7322079070547699
S009,3,Closed headphones,0.875,0.75,0.375,-0.057991946977686754,-0.42596873227228116
S009,3,Individualized HRTF,3.125,0.47871355387816905,0.23935677693908453,0.494850021680094,-0.6209542717726623
S009,3,Real speakers,2.625,0.47871355387816905,0.23935677693908453,0.4191293077419757,-0.6209542717726623
S009,3,Non-individualized HRTF,2.375,0.47871355387816905,0.23935677693908453,0.3756636139608854,-0.6209542717726623
S009,4,Incongruous room,0.65,0.40414518843273806,0.20207259421636903,-0.18708664335714442,-0.6944925830095555
S009,4,Closed headphones,1,0.408248290463863,0.2041241452319315,0,-0.690105620855803
S009,4,Individualized HRTF,3.5,0.5773502691896257,0.28867513459481287,0.5440680443502757,-0.5395906230238124
S009,4,Real speakers,2.875,0.25,0.125,0.4586378490256493,-0.9030899869919435
S009,4,Non-individualized HRTF,2.75,0.5,0.25,0.43933269383026263,-0.6020599913279624
S009,5,Incongruous room,0.475,0.37749172176353746,0.18874586088176873,-0.3233063903751334,-0.7241225634917168
S009,5,Closed headphones,1,0.408248290463863,0.2041241452319315,0,-0.690105620855803
S009,5,Individualized HRTF,3.5,0.408248290463863,0.2041241452319315,0.5440680443502757,-0.690105620855803
S009,5,Real speakers,3,0.7071067811865476,0.3535533905932738,0.47712125471966244,-0.45154499349597177
S009,5,Non-individualized HRTF,3,0,0,0.47712125471966244,-Inf
S009,6,Incongruous room,0.45,0.1,0.05,-0.3467874862246563,-1.3010299956639813
S009,6,Closed headphones,1.5,0.408248290463863,0.2041241452319315,0.17609125905568124,-0.690105620855803
S009,6,Individualized HRTF,3.75,0.5,0.25,0.5740312677277188,-0.6020599913279624
S009,6,Real speakers,3.375,0.25,0.125,0.5282737771670437,-0.9030899869919435
S009,6,Non-individualized HRTF,3.125,0.25,0.125,0.494850021680094,-0.9030899869919435
S010,1,Incongruous room,0.8500000000000001,0.09999999999999998,0.04999999999999999,-0.07058107428570722,-1.3010299956639813
S010,1,Closed headphones,0.95,0.09999999999999998,0.04999999999999999,-0.022276394711152253,-1.3010299956639813
S010,1,Individualized HRTF,3.625,1.1086778913041726,0.5543389456520863,0.5593080109070125,-0.25622460853070267
S010,1,Real speakers,1.625,0.25,0.125,0.21085336531489318,-0.9030899869919435
S010,1,Non-individualized HRTF,2.25,0.6454972243679028,0.3227486121839514,0.3521825181113625,-0.4911356165197842
S010,2,Incongruous room,1.25,0.5,0.25,0.09691001300805642,-0.6020599913279624
S010,2,Closed headphones,4.25,0.9574271077563381,0.47871355387816905,0.6283889300503115,-0.31992427610868107
S010,2,Individualized HRTF,3.75,0.9574271077563381,0.47871355387816905,0.5740312677277188,-0.31992427610868107
S010,2,Real speakers,4.25,1.0408329997330663,0.5204164998665332,0.6283889300503115,-0.2836489425343752
S010,2,Non-individualized HRTF,3.75,2.8722813232690143,1.4361406616345072,0.5740312677277188,0.15719697861098134
S010,3,Incongruous room,2.25,0.5,0.25,0.3521825181113625,-0.6020599913279624
S010,3,Closed headphones,8,1.4142135623730951,0.7071067811865476,0.9030899869919435,-0.15051499783199057
S010,3,Individualized HRTF,5.875,1.181453906563152,0.590726953281576,0.7690078709437739,-0.22861321300136164
S010,3,Real speakers,4.75,1.6583123951777,0.82915619758885,0.6766936096248666,-0.08136364874884988
S010,3,Non-individualized HRTF,6.625,0.75,0.375,0.8211858826088455,-0.42596873227228116
S010,4,Incongruous room,2.75,0.5,0.25,0.43933269383026263,-0.6020599913279624
S010,4,Closed headphones,8.5,1.7320508075688772,0.8660254037844386,0.9294189257142927,-0.06246936830415
S010,4,Individualized HRTF,7,0.408248290463863,0.2041241452319315,0.8450980400142568,-0.690105620855803
S010,4,Real speakers,6.5,1,0.5,0.8129133566428556,-0.3010299956639812
S010,4,Non-individualized HRTF,6.125,0.25,0.125,0.7871060930365701,-0.9030899869919435
S010,5,Incongruous room,2.25,0.5,0.25,0.3521825181113625,-0.6020599913279624
S010,5,Closed headphones,8,0.816496580927726,0.408248290463863,0.9030899869919435,-0.3890756251918218
S010,5,Individualized HRTF,6.75,1.5,0.75,0.829303772831025,-0.12493873660829995
S010,5,Real speakers,5.5,1.2909944487358056,0.6454972243679028,0.7403626894942439,-0.19010562085580301
S010,5,Non-individualized HRTF,5.25,0.9574271077563381,0.47871355387816905,0.7201593034059569,-0.31992427610868107
S010,6,Incongruous room,3.75,0.9574271077563381,0.47871355387816905,0.5740312677277188,-0.31992427610868107
S010,6,Closed headphones,9,1.4142135623730951,0.7071067811865476,0.9542425094393249,-0.15051499783199057
S010,6,Individualized HRTF,7.75,0.6454972243679028,0.3227486121839514,0.8893017025063102,-0.4911356165197842
S010,6,Real speakers,6.25,1.848422751068236,0.924211375534118,0.7958800173440752,-0.034228690327925894
S010,6,Non-individualized HRTF,7.125,0.6291528696058958,0.3145764348029479,0.8527848686805478,-0.5022738138753603
S011,1,Incongruous room,2.3125,0.025000000000000133,0.012500000000000067,0.3640817414110702,-1.9030899869919413
S011,1,Closed headphones,2.6125,0.08539125638299669,0.042695628191498344,0.4170562991191104,-1.3696165921766368
S011,1,Individualized HRTF,0.8500000000000001,0.09999999999999998,0.04999999999999999,-0.07058107428570722,-1.3010299956639813
S011,1,Real speakers,0.8500000000000001,0.09999999999999998,0.04999999999999999,-0.07058107428570722,-1.3010299956639813
S011,1,Non-individualized HRTF,0.55,0.3109126351029605,0.15545631755148026,-0.2596373105057561,-0.8083916240743343
S011,2,Incongruous room,2.4,0.04082482904638634,0.02041241452319317,0.38021124171160603,-1.6901056208558025
S011,2,Closed headphones,2.8,0.07071067811865471,0.035355339059327355,0.4471580313422192,-1.451544993495972
S011,2,Individualized HRTF,1.875,0.25,0.125,0.27300127206373764,-0.9030899869919435
S011,2,Real speakers,1.875,0.25,0.125,0.27300127206373764,-0.9030899869919435
S011,2,Non-individualized HRTF,1.375,0.47871355387816905,0.23935677693908453,0.13830269816628146,-0.6209542717726623
S011,3,Incongruous room,2.425,0.02886751345948144,0.01443375672974072,0.3847117429382824,-1.8406206186877914
S011,3,Closed headphones,2.8875,0.08539125638299669,0.042695628191498344,0.46052199290020074,-1.3696165921766368
S011,3,Individualized HRTF,2.625,0.25,0.125,0.4191293077419757,-0.9030899869919435
S011,3,Real speakers,3.125,0.25,0.125,0.494850021680094,-0.9030899869919435
S011,3,Non-individualized HRTF,2.25,0.28867513459481287,0.14433756729740643,0.3521825181113625,-0.8406206186877936
S011,4,Incongruous room,2.4375,0.04787135538781697,0.023935677693908485,0.3869446243705744,-1.6209542717726617
S011,4,Closed headphones,2.9,0.07071067811865471,0.035355339059327355,0.4623979978989561,-1.451544993495972
S011,4,Individualized HRTF,2.875,0.25,0.125,0.4586378490256493,-0.9030899869919435
S011,4,Real speakers,3.0625,0.125,0.0625,0.4860760973725889,-1.2041199826559248
S011,4,Non-individualized HRTF,2.75,0.28867513459481287,0.14433756729740643,0.43933269383026263,-0.8406206186877936
S011,5,Incongruous room,2.4375,0.04787135538781697,0.023935677693908485,0.3869446243705744,-1.6209542717726617
S011,5,Closed headphones,2.9125,0.10307764064044156,0.05153882032022078,0.4642659340340754,-1.2878655263028065
S011,5,Individualized HRTF,3,0,0,0.47712125471966244,-Inf
S011,5,Real speakers,2.9375,0.3145764348029479,0.15728821740147395,0.4679778752797927,-0.8033038095393416
S011,5,Non-individualized HRTF,3.5,0,0,0.5440680443502757,-Inf
S011,6,Incongruous room,2.5125,0.02499999999999991,0.012499999999999956,0.4001060704285453,-1.903089986991945
S011,6,Closed headphones,2.9,0.14142135623730964,0.07071067811865482,0.4623979978989561,-1.1505149978319902
S011,6,Individualized HRTF,3.1875,0.23935677693908453,0.11967838846954226,0.5034501934420116,-0.9219842674366435
S011,6,Real speakers,3.3125,0.23935677693908453,0.11967838846954226,0.5201558869448643,-0.9219842674366435
S011,6,Non-individualized HRTF,3.0625,0.125,0.0625,0.4860760973725889,-1.2041199826559248
S012,1,Closed headphones,5,1.1547005383792515,0.5773502691896257,0.6989700043360189,-0.23856062735983125
S012,1,Individualized HRTF,0.2625,0.047871355387816894,0.023935677693908447,-0.5808706922580243,-1.6209542717726624
S012,1,Real speakers,0.275,0.04999999999999999,0.024999999999999994,-0.5606673061697374,-1.6020599913279625
S012,1,Non-individualized HRTF,0.375,0.05000000000000002,0.02500000000000001,-0.42596873227228116,-1.6020599913279623
S012,2,Closed headphones,6,1.4142135623730951,0.7071067811865476,0.7781512503836436,-0.15051499783199057
S012,2,Individualized HRTF,0.775,0.15000000000000002,0.07500000000000001,-0.1106982974936897,-1.1249387366083
S012,2,Real speakers,0.9,0.21602468994692867,0.10801234497346433,-0.045757490560675115,-0.9665266051846935
S012,2,Non-individualized HRTF,1.025,0.36855573979159967,0.18427786989579983,0.010723865391773066,-0.7345268164858147
S012,3,Closed headphones,8.25,0.9574271077563381,0.47871355387816905,0.9164539485499251,-0.31992427610868107
S012,3,Individualized HRTF,1.075,0.0957427107756338,0.0478713553878169,0.03140846425162412,-1.3199242761086811
S012,3,Real speakers,1.45,0.09999999999999998,0.04999999999999999,0.16136800223497488,-1.3010299956639813
S012,3,Non-individualized HRTF,1.625,0.04999999999999993,0.024999999999999967,0.21085336531489318,-1.602059991327963
S012,4,Closed headphones,8.75,1.2583057392117916,0.6291528696058958,0.9420080530223133,-0.20124381821137916
S012,4,Individualized HRTF,1.475,0.050000000000000044,0.025000000000000022,0.16879202031418183,-1.602059991327962
S012,4,Real speakers,1.8,0.24494897427831783,0.12247448713915891,0.25527250510330607,-0.9119543704721593
S012,4,Non-individualized HRTF,1.925,0.0957427107756338,0.0478713553878169,0.2844307338445195,-1.3199242761086811
S012,5,Closed headphones,9.5,0.5773502691896257,0.28867513459481287,0.9777236052888477,-0.5395906230238124
S012,5,Individualized HRTF,1.5,0.2160246899469287,0.10801234497346435,0.17609125905568124,-0.9665266051846934
S012,5,Real speakers,1.525,0.12583057392117916,0.06291528696058958,0.1832698436828046,-1.2012438182113792
S012,5,Non-individualized HRTF,1.875,0.15000000000000002,0.07500000000000001,0.27300127206373764,-1.1249387366083
S012,6,Closed headphones,10,1.4142135623730951,0.7071067811865476,1,-0.15051499783199057
S012,6,Individualized HRTF,1.75,0.05773502691896263,0.028867513459481315,0.24303804868629444,-1.539590623023812
S012,6,Real speakers,1.7750000000000001,0.2872281323269015,0.14361406616345074,0.24919835739111293,-0.8428030213890186
S012,6,Non-individualized HRTF,2.2,0.28284271247461895,0.14142135623730948,0.3424226808222063,-0.8494850021680095
S013,1,Incongruous room,0.1,0,0,-1,-Inf
S013,1,Closed headphones,0.2125,0.04787135538781691,0.023935677693908454,-0.6726410656136697,-1.6209542717726622
S013,2,Incongruous room,0.2,0.07071067811865475,0.035355339059327376,-0.6989700043360187,-1.4515449934959719
S013,2,Closed headphones,0.3125,0.13149778198382917,0.06574889099191458,-0.5051499783199059,-1.182111568163738
S013,3,Incongruous room,0.2,0.07071067811865475,0.035355339059327376,-0.6989700043360187,-1.4515449934959719
S013,3,Closed headphones,0.45,0.12909944487358055,0.06454972243679027,-0.3467874862246563,-1.190105620855803
S013,4,Incongruous room,0.2125,0.125,0.0625,-0.6726410656136697,-1.2041199826559248
S013,4,Closed headphones,0.425,0.15545631755148026,0.07772815877574013,-0.37161106994968846,-1.1094216197383155
S013,5,Incongruous room,0.2125,0.125,0.0625,-0.6726410656136697,-1.2041199826559248
S013,5,Closed headphones,0.45,0.10801234497346436,0.05400617248673218,-0.3467874862246563,-1.2675566008486745
S013,6,Incongruous room,0.2875,0.15478479684172258,0.07739239842086129,-0.5413621509743507,-1.111301694174969
S013,6,Closed headphones,0.475,0.16583123951776998,0.08291561975888499,-0.3233063903751334,-1.0813636487488498
S014,1,Incongruous room,1.15,0.3109126351029605,0.15545631755148026,0.06069784035361165,-0.8083916240743343
S014,1,Closed headphones,1.125,0.29860788111948194,0.14930394055974097,0.05115252244738129,-0.8259287298451888
S014,1,Individualized HRTF,1.625,0.25,0.125,0.21085336531489318,-0.9030899869919435
S014,1,Real speakers,1.375,0.47871355387816905,0.23935677693908453,0.13830269816628146,-0.6209542717726623
S014,1,Non-individualized HRTF,2.25,0.5,0.25,0.3521825181113625,-0.6020599913279624
S014,2,Incongruous room,2.625,0.4349329450233296,0.2174664725116648,0.4191293077419757,-0.6626076900912323
S014,2,Closed headphones,2.875,0.6291528696058958,0.3145764348029479,0.4586378490256493,-0.5022738138753603
S014,2,Individualized HRTF,3.25,1.2583057392117916,0.6291528696058958,0.5118833609788743,-0.20124381821137916
S014,2,Real speakers,3,0.816496580927726,0.408248290463863,0.47712125471966244,-0.3890756251918218
S014,2,Non-individualized HRTF,4.25,0.9574271077563381,0.47871355387816905,0.6283889300503115,-0.31992427610868107
S014,3,Incongruous room,3.7,0.812403840463596,0.406201920231798,0.568201724066995,-0.39125802789304687
S014,3,Closed headphones,3.95,0.4203173404306164,0.2101586702153082,0.5965970956264602,-0.6774526882234179
S014,3,Individualized HRTF,3.75,0.9574271077563381,0.47871355387816905,0.5740312677277188,-0.31992427610868107
S014,3,Real speakers,4.5,0.5773502691896257,0.28867513459481287,0.6532125137753437,-0.5395906230238124
S014,3,Non-individualized HRTF,5.25,0.9574271077563381,0.47871355387816905,0.7201593034059569,-0.31992427610868107
S014,4,Incongruous room,4.5,0.7071067811865476,0.3535533905932738,0.6532125137753437,-0.45154499349597177
S014,4,Closed headphones,3.625,1.1086778913041726,0.5543389456520863,0.5593080109070125,-0.25622460853070267
S014,4,Individualized HRTF,4,1.4142135623730951,0.7071067811865476,0.6020599913279624,-0.15051499783199057
S014,4,Real speakers,4.5,0.5773502691896257,0.28867513459481287,0.6532125137753437,-0.5395906230238124
S014,4,Non-individualized HRTF,5.75,0.9574271077563381,0.47871355387816905,0.7596678446896304,-0.31992427610868107
S014,5,Incongruous room,3.95,0.10000000000000009,0.050000000000000044,0.5965970956264602,-1.3010299956639808
S014,5,Closed headphones,3.925,0.5678908345800274,0.2839454172900137,0.5938396610812713,-0.5467651361783379
S014,5,Individualized HRTF,3.75,0.9574271077563381,0.47871355387816905,0.5740312677277188,-0.31992427610868107
S014,5,Real speakers,4.5,1,0.5,0.6532125137753437,-0.3010299956639812
S014,5,Non-individualized HRTF,5.5,0.5773502691896257,0.28867513459481287,0.7403626894942439,-0.5395906230238124
S014,6,Incongruous room,4.65,0.44347115652166896,0.22173557826083448,0.667452952889954,-0.6541646172027403
S014,6,Closed headphones,5.075,0.4349329450233296,0.2174664725116648,0.7054360465852505,-0.6626076900912323
S014,6,Individualized HRTF,4.75,0.9574271077563381,0.47871355387816905,0.6766936096248666,-0.31992427610868107
S014,6,Real speakers,4.5,1.2909944487358056,0.6454972243679028,0.6532125137753437,-0.19010562085580301
S014,6,Non-individualized HRTF,6.25,0.9574271077563381,0.47871355387816905,0.7958800173440752,-0.31992427610868107
S015,1,Incongruous room,0.75,0.20816659994661327,0.10408329997330663,-0.12493873660829995,-0.9826189468703941
S015,1,Closed headphones,1.725,2.185368008673444,1.092684004336722,0.23678909940929294,0.03849458554108121
S015,1,Individualized HRTF,1.5,0,0,0.17609125905568124,-Inf
S015,1,Real speakers,1.875,0.25,0.125,0.27300127206373764,-0.9030899869919435
S015,1,Non-individualized HRTF,1.5,0,0,0.17609125905568124,-Inf
S015,2,Incongruous room,2.375,0.75,0.375,0.3756636139608854,-0.42596873227228116
S015,2,Closed headphones,1.55,0.6137317546507324,0.3068658773253662,0.1903316981702915,-0.5130514012821025
S015,2,Individualized HRTF,3.5,0.5773502691896257,0.28867513459481287,0.5440680443502757,-0.5395906230238124
S015,2,Real speakers,3.5,0.408248290463863,0.2041241452319315,0.5440680443502757,-0.690105620855803
S015,2,Non-individualized HRTF,2.75,0.28867513459481287,0.14433756729740643,0.43933269383026263,-0.8406206186877936
S015,3,Incongruous room,3.25,1.3228756555322954,0.6614378277661477,0.5118833609788743,-0.17951097132083396
S015,3,Closed headphones,2,0.7071067811865476,0.3535533905932738,0.3010299956639812,-0.45154499349597177
S015,3,Individualized HRTF,4,0.816496580927726,0.408248290463863,0.6020599913279624,-0.3890756251918218
S015,3,Real speakers,4.5,0.5773502691896257,0.28867513459481287,0.6532125137753437,-0.5395906230238124
S015,3,Non-individualized HRTF,3.25,0.5,0.25,0.5118833609788743,-0.6020599913279624
S015,4,Incongruous room,4,0.816496580927726,0.408248290463863,0.6020599913279624,-0.3890756251918218
S015,4,Closed headphones,2.975,1.9067861267938082,0.9533930633969041,0.47348697006456836,-0.020728012194383572
S015,4,Individualized HRTF,4.5,0.5773502691896257,0.28867513459481287,0.6532125137753437,-0.5395906230238124
S015,4,Real speakers,4.625,0.8539125638299665,0.42695628191498325,0.6651117370750514,-0.369616592176637
S015,4,Non-individualized HRTF,3.75,0.5,0.25,0.5740312677277188,-0.6020599913279624
S015,5,Incongruous room,3.375,1.25,0.625,0.5282737771670437,-0.2041199826559248
S015,5,Closed headphones,1.975,0.7588368291888141,0.37941841459440706,0.29556709996247904,-0.42088159500069433
S015,5,Individualized HRTF,4.25,0.5,0.25,0.6283889300503115,-0.6020599913279624
S015,5,Real speakers,3.75,0.5,0.25,0.5740312677277188,-0.6020599913279624
S015,5,Non-individualized HRTF,3.75,0.5,0.25,0.5740312677277188,-0.6020599913279624
S015,6,Incongruous room,4.75,0.5,0.25,0.6766936096248666,-0.6020599913279624
S015,6,Closed headphones,3.75,1.848422751068236,0.924211375534118,0.5740312677277188,-0.034228690327925894
S015,6,Individualized HRTF,4.5,0.5773502691896257,0.28867513459481287,0.6532125137753437,-0.5395906230238124
S015,6,Real speakers,4.75,0.5,0.25,0.6766936096248666,-0.6020599913279624
S015,6,Non-individualized HRTF,4,0,0,0.6020599913279624,-Inf
S016,1,Incongruous room,0.5,0,0,-0.3010299956639812,-Inf
S016,1,Closed headphones,0.875,0.75,0.375,-0.057991946977686754,-0.42596873227228116
S016,1,Individualized HRTF,0.575,0.29860788111948194,0.14930394055974097,-0.24033215531036956,-0.8259287298451888
S016,1,Real speakers,0.875,0.25,0.125,-0.057991946977686754,-0.9030899869919435
S016,1,Non-individualized HRTF,0.875,0.47871355387816905,0.23935677693908453,-0.057991946977686754,-0.6209542717726623
S016,2,Incongruous room,1.875,0.25,0.125,0.27300127206373764,-0.9030899869919435
S016,2,Closed headphones,1.875,0.25,0.125,0.27300127206373764,-0.9030899869919435
S016,2,Individualized HRTF,1.75,0.8660254037844386,0.4330127018922193,0.24303804868629444,-0.3634993639681312
S016,2,Real speakers,1.75,0.5,0.25,0.24303804868629444,-0.6020599913279624
S016,2,Non-individualized HRTF,1.5,0.408248290463863,0.2041241452319315,0.17609125905568124,-0.690105620855803
S016,3,Incongruous room,3.125,0.8539125638299665,0.42695628191498325,0.494850021680094,-0.369616592176637
S016,3,Closed headphones,3.5,1.4719601443879744,0.7359800721939872,0.5440680443502757,-0.13313394470238465
S016,3,Individualized HRTF,3.625,1.7017148213885114,0.8508574106942557,0.5593080109070125,-0.07014321422472727
S016,3,Real speakers,3,0,0,0.47712125471966244,-Inf
S016,3,Non-individualized HRTF,3.25,0.9574271077563381,0.47871355387816905,0.5118833609788743,-0.31992427610868107
S016,4,Incongruous room,3.625,1.1086778913041726,0.5543389456520863,0.5593080109070125,-0.25622460853070267
S016,4,Closed headphones,4.75,2.0615528128088303,1.0307764064044151,0.6766936096248666,0.013164469361174578
S016,4,Individualized HRTF,3,1.8257418583505538,0.9128709291752769,0.47712125471966244,-0.039590623023812395
S016,4,Real speakers,4,1.4142135623730951,0.7071067811865476,0.6020599913279624,-0.15051499783199057
S016,4,Non-individualized HRTF,4,0.816496580927726,0.408248290463863,0.6020599913279624,-0.3890756251918218
S016,5,Incongruous room,4.25,0.5,0.25,0.6283889300503115,-0.6020599913279624
S016,5,Closed headphones,3.375,0.47871355387816905,0.23935677693908453,0.5282737771670437,-0.6209542717726623
S016,5,Individualized HRTF,3.5,0.5773502691896257,0.28867513459481287,0.5440680443502757,-0.5395906230238124
S016,5,Real speakers,4.25,0.5,0.25,0.6283889300503115,-0.6020599913279624
S016,5,Non-individualized HRTF,4.25,1.5,0.75,0.6283889300503115,-0.12493873660829995
S016,6,Incongruous room,4.25,1.1902380714238083,0.5951190357119042,0.6283889300503115,-0.22539615799865664
S016,6,Closed headphones,6.75,0.5,0.25,0.829303772831025,-0.6020599913279624
S016,6,Individualized HRTF,3.75,1.2583057392117916,0.6291528696058958,0.5740312677277188,-0.20124381821137916
S016,6,Real speakers,5,0,0,0.6989700043360189,-Inf
S016,6,Non-individualized HRTF,5,1.4142135623730951,0.7071067811865476,0.6989700043360189,-0.15051499783199057
S017,1,Incongruous room,2.75,0.5,0.25,0.43933269383026263,-0.6020599913279624
S017,1,Closed headphones,4,0.816496580927726,0.408248290463863,0.6020599913279624,-0.3890756251918218
S017,1,Individualized HRTF,1.625,0.75,0.375,0.21085336531489318,-0.42596873227228116
S017,1,Real speakers,1.5,0.408248290463863,0.2041241452319315,0.17609125905568124,-0.690105620855803
S017,1,Non-individualized HRTF,1.625,0.47871355387816905,0.23935677693908453,0.21085336531489318,-0.6209542717726623
S017,2,Incongruous room,5.5,1,0.5,0.7403626894942439,-0.3010299956639812
S017,2,Closed headphones,6.75,0.9574271077563381,0.47871355387816905,0.829303772831025,-0.31992427610868107
S017,2,Individualized HRTF,2.875,0.25,0.125,0.4586378490256493,-0.9030899869919435
S017,2,Real speakers,2.75,0.6454972243679028,0.3227486121839514,0.43933269383026263,-0.4911356165197842
S017,2,Non-individualized HRTF,2.75,0.28867513459481287,0.14433756729740643,0.43933269383026263,-0.8406206186877936
S017,3,Incongruous room,6.5,1,0.5,0.8129133566428556,-0.3010299956639812
S017,3,Closed headphones,7.25,0.5,0.25,0.8603380065709937,-0.6020599913279624
S017,3,Individualized HRTF,4.25,0.5,0.25,0.6283889300503115,-0.6020599913279624
S017,3,Real speakers,3.875,0.6291528696058958,0.3145764348029479,0.5882717068423291,-0.5022738138753603
S017,3,Non-individualized HRTF,5,0.9128709291752769,0.45643546458763845,0.6989700043360189,-0.3406206186877936
S017,4,Incongruous room,7.75,2.217355782608345,1.1086778913041726,0.8893017025063102,0.0448053871332785
S017,4,Closed headphones,7.5,0.5773502691896257,0.28867513459481287,0.8750612633917001,-0.5395906230238124
S017,4,Individualized HRTF,4.75,0.28867513459481287,0.14433756729740643,0.6766936096248666,-0.8406206186877936
S017,4,Real speakers,5.125,1.1086778913041726,0.5543389456520863,0.7096938697277919,-0.25622460853070267
S017,4,Non-individualized HRTF,5,1.224744871391589,0.6123724356957945,0.6989700043360189,-0.2129843661361406
S017,5,Incongruous room,9.25,0.9574271077563381,0.47871355387816905,0.9661417327390326,-0.31992427610868107
S017,5,Closed headphones,7.5,1,0.5,0.8750612633917001,-0.3010299956639812
S017,5,Individualized HRTF,4.875,0.47871355387816905,0.23935677693908453,0.6879746200345557,-0.6209542717726623
S017,5,Real speakers,5.25,0.28867513459481287,0.14433756729740643,0.7201593034059569,-0.8406206186877936
S017,5,Non-individualized HRTF,5,0.7071067811865476,0.3535533905932738,0.6989700043360189,-0.45154499349597177
S017,6,Incongruous room,9.25,1.5,0.75,0.9661417327390326,-0.12493873660829995
S017,6,Closed headphones,9.75,0.5,0.25,0.9890046156985368,-0.6020599913279624
S017,6,Individualized HRTF,5.875,0.25,0.125,0.7690078709437739,-0.9030899869919435
S017,6,Real speakers,6.125,0.25,0.125,0.7871060930365701,-0.9030899869919435
S017,6,Non-individualized HRTF,5.375,1.1086778913041726,0.5543389456520863,0.730378468587643,-0.25622460853070267
S018,1,Incongruous room,0,0,0,-Inf,-Inf
S018,1,Closed headphones,0,0,0,-Inf,-Inf
S018,1,Individualized HRTF,2.25,0.5,0.25,0.3521825181113625,-0.6020599913279624
S018,1,Real speakers,2.75,0.5,0.25,0.43933269383026263,-0.6020599913279624
S018,1,Non-individualized HRTF,3,0,0,0.47712125471966244,-Inf
S018,2,Incongruous room,0.2,0,0,-0.6989700043360187,-Inf
S018,2,Closed headphones,0.175,0.23629078131263043,0.11814539065631521,-0.7569619513137056,-0.9275832173373804
S018,2,Individualized HRTF,4.25,0.5,0.25,0.6283889300503115,-0.6020599913279624
S018,2,Real speakers,4.5,0.5773502691896257,0.28867513459481287,0.6532125137753437,-0.5395906230238124
S018,2,Non-individualized HRTF,4.25,0.5,0.25,0.6283889300503115,-0.6020599913279624
S018,3,Incongruous room,0.4,0.4,0.2,-0.3979400086720376,-0.6989700043360187
S018,3,Closed headphones,0.625,0.25,0.125,-0.2041199826559248,-0.9030899869919435
S018,3,Individualized HRTF,5,0,0,0.6989700043360189,-Inf
S018,3,Real speakers,5.75,0.5,0.25,0.7596678446896304,-0.6020599913279624
S018,3,Non-individualized HRTF,5.25,0.5,0.25,0.7201593034059569,-0.6020599913279624
S018,4,Incongruous room,0.625,0.25,0.125,-0.2041199826559248,-0.9030899869919435
S018,4,Closed headphones,1.125,0.6291528696058958,0.3145764348029479,0.05115252244738129,-0.5022738138753603
S018,4,Individualized HRTF,6,0,0,0.7781512503836436,-Inf
S018,4,Real speakers,5.5,0.5773502691896257,0.28867513459481287,0.7403626894942439,-0.5395906230238124
S018,4,Non-individualized HRTF,5.75,0.5,0.25,0.7596678446896304,-0.6020599913279624
S018,5,Incongruous room,0.625,0.25,0.125,-0.2041199826559248,-0.9030899869919435
S018,5,Closed headphones,1,0.5773502691896257,0.28867513459481287,0,-0.5395906230238124
S018,5,Individualized HRTF,5.75,0.5,0.25,0.7596678446896304,-0.6020599913279624
S018,5,Real speakers,6.25,0.5,0.25,0.7958800173440752,-0.6020599913279624
S018,5,Non-individualized HRTF,5.75,0.5,0.25,0.7596678446896304,-0.6020599913279624
S018,6,Incongruous room,0.75,0.28867513459481287,0.14433756729740643,-0.12493873660829995,-0.8406206186877936
S018,6,Closed headphones,1.375,0.47871355387816905,0.23935677693908453,0.13830269816628146,-0.6209542717726623
S018,6,Individualized HRTF,7,0,0,0.8450980400142568,-Inf
S018,6,Real speakers,6.5,0.5773502691896257,0.28867513459481287,0.8129133566428556,-0.5395906230238124
S018,6,Non-individualized HRTF,6,0,0,0.7781512503836436,-Inf
S019,1,Incongruous room,0.25,0,0,-0.6020599913279624,-Inf
S019,1,Closed headphones,0.5625,0.125,0.0625,-0.2498774732165999,-1.2041199826559248
S019,1,Individualized HRTF,2.625,0.47871355387816905,0.23935677693908453,0.4191293077419757,-0.6209542717726623
S019,1,Real speakers,2.875,0.6291528696058958,0.3145764348029479,0.4586378490256493,-0.5022738138753603
S019,1,Non-individualized HRTF,2.625,0.47871355387816905,0.23935677693908453,0.4191293077419757,-0.6209542717726623
S019,2,Incongruous room,0.5625,0.125,0.0625,-0.2498774732165999,-1.2041199826559248
S019,2,Closed headphones,1.125,0.25,0.125,0.05115252244738129,-0.9030899869919435
S019,2,Individualized HRTF,3.125,0.47871355387816905,0.23935677693908453,0.494850021680094,-0.6209542717726623
S019,2,Real speakers,3.5,0.7071067811865476,0.3535533905932738,0.5440680443502757,-0.45154499349597177
S019,2,Non-individualized HRTF,3.5,0.408248290463863,0.2041241452319315,0.5440680443502757,-0.690105620855803
S019,3,Incongruous room,0.75,0.2041241452319315,0.10206207261596575,-0.12493873660829995,-0.9911356165197842
S019,3,Closed headphones,1.125,0.14433756729740643,0.07216878364870322,0.05115252244738129,-1.1416506143517748
S019,3,Individualized HRTF,3.375,0.75,0.375,0.5282737771670437,-0.42596873227228116
S019,3,Real speakers,3.625,1.1086778913041726,0.5543389456520863,0.5593080109070125,-0.25622460853070267
S019,3,Non-individualized HRTF,4,0.408248290463863,0.2041241452319315,0.6020599913279624,-0.690105620855803
S019,4,Incongruous room,1,0.2041241452319315,0.10206207261596575,0,-0.9911356165197842
S019,4,Closed headphones,1.375,0.14433756729740643,0.07216878364870322,0.13830269816628146,-1.1416506143517748
S019,4,Individualized HRTF,3.625,0.47871355387816905,0.23935677693908453,0.5593080109070125,-0.6209542717726623
S019,4,Real speakers,3.875,0.6291528696058958,0.3145764348029479,0.5882717068423291,-0.5022738138753603
S019,4,Non-individualized HRTF,3.875,0.25,0.125,0.5882717068423291,-0.9030899869919435
S019,5,Incongruous room,0.75,0.2041241452319315,0.10206207261596575,-0.12493873660829995,-0.9911356165197842
S019,5,Closed headphones,1.5625,0.3145764348029479,0.15728821740147395,0.19382002601611284,-0.8033038095393416
S019,5,Individualized HRTF,4,0.408248290463863,0.2041241452319315,0.6020599913279624,-0.690105620855803
S019,5,Real speakers,3.625,0.8539125638299665,0.42695628191498325,0.5593080109070125,-0.369616592176637
S019,5,Non-individualized HRTF,3.625,0.47871355387816905,0.23935677693908453,0.5593080109070125,-0.6209542717726623
S019,6,Incongruous room,1.15,0.3851406669430448,0.1925703334715224,0.06069784035361165,-0.7154106175333466
S019,6,Closed headphones,1.625,0.14433756729740643,0.07216878364870322,0.21085336531489318,-1.1416506143517748
S019,6,Individualized HRTF,4,0.7071067811865476,0.3535533905932738,0.6020599913279624,-0.45154499349597177
S019,6,Real speakers,4,1.35400640077266,0.67700320038633,0.6020599913279624,-0.1694092782766905
S019,6,Non-individualized HRTF,4.125,0.47871355387816905,0.23935677693908453,0.6154239528859439,-0.6209542717726623
S021,1,Incongruous room,2,0,0,0.3010299956639812,-Inf
S021,1,Closed headphones,1.875,0.25,0.125,0.27300127206373764,-0.9030899869919435
S021,1,Individualized HRTF,0.5,0,0,-0.3010299956639812,-Inf
S021,1,Real speakers,0.5,0,0,-0.3010299956639812,-Inf
S021,1,Non-individualized HRTF,0.5,0,0,-0.3010299956639812,-Inf
S021,2,Incongruous room,3,0.816496580927726,0.408248290463863,0.47712125471966244,-0.3890756251918218
S021,2,Closed headphones,2.625,0.47871355387816905,0.23935677693908453,0.4191293077419757,-0.6209542717726623
S021,2,Individualized HRTF,1.125,0.25,0.125,0.05115252244738129,-0.9030899869919435
S021,2,Real speakers,1.25,0.28867513459481287,0.14433756729740643,0.09691001300805642,-0.8406206186877936
S021,2,Non-individualized HRTF,1,0,0,0,-Inf
S021,3,Incongruous room,3.375,0.25,0.125,0.5282737771670437,-0.9030899869919435
S021,3,Closed headphones,3.125,0.75,0.375,0.494850021680094,-0.42596873227228116
S021,3,Individualized HRTF,1.75,0.28867513459481287,0.14433756729740643,0.24303804868629444,-0.8406206186877936
S021,3,Real speakers,2,0.7071067811865476,0.3535533905932738,0.3010299956639812,-0.45154499349597177
S021,3,Non-individualized HRTF,1.625,0.25,0.125,0.21085336531489318,-0.9030899869919435
S021,4,Incongruous room,3.5,0.408248290463863,0.2041241452319315,0.5440680443502757,-0.690105620855803
S021,4,Closed headphones,3.625,0.75,0.375,0.5593080109070125,-0.42596873227228116
S021,4,Individualized HRTF,1.875,0.25,0.125,0.27300127206373764,-0.9030899869919435
S021,4,Real speakers,2.375,0.25,0.125,0.3756636139608854,-0.9030899869919435
S021,4,Non-individualized HRTF,1.875,0.25,0.125,0.27300127206373764,-0.9030899869919435
S021,5,Incongruous room,3.75,0.5,0.25,0.5740312677277188,-0.6020599913279624
S021,5,Closed headphones,3.375,0.47871355387816905,0.23935677693908453,0.5282737771670437,-0.6209542717726623
S021,5,Individualized HRTF,1.875,0.25,0.125,0.27300127206373764,-0.9030899869919435
S021,5,Real speakers,2.875,0.25,0.125,0.4586378490256493,-0.9030899869919435
S021,5,Non-individualized HRTF,2,0,0,0.3010299956639812,-Inf
S021,6,Incongruous room,4.375,0.6291528696058958,0.3145764348029479,0.640978057358332,-0.5022738138753603
S021,6,Closed headphones,4.25,0.6454972243679028,0.3227486121839514,0.6283889300503115,-0.4911356165197842
S021,6,Individualized HRTF,2.5,0.408248290463863,0.2041241452319315,0.3979400086720376,-0.690105620855803
S021,6,Real speakers,3,0.816496580927726,0.408248290463863,0.47712125471966244,-0.3890756251918218
S021,6,Non-individualized HRTF,2.125,0.25,0.125,0.32735893438633035,-0.9030899869919435
S022,1,Incongruous room,0.875,0.25,0.125,-0.057991946977686754,-0.9030899869919435
S022,1,Closed headphones,1.75,0.9574271077563381,0.47871355387816905,0.24303804868629444,-0.31992427610868107
S022,1,Individualized HRTF,2.375,0.47871355387816905,0.23935677693908453,0.3756636139608854,-0.6209542717726623
S022,1,Real speakers,2.125,0.6291528696058958,0.3145764348029479,0.32735893438633035,-0.5022738138753603
S022,1,Non-individualized HRTF,0.6,0.6164414002968976,0.3082207001484488,-0.2218487496163564,-0.5111381973555761
S022,2,Incongruous room,1.75,0.5,0.25,0.24303804868629444,-0.6020599913279624
S022,2,Closed headphones,1.75,0.5,0.25,0.24303804868629444,-0.6020599913279624
S022,2,Individualized HRTF,3.875,0.25,0.125,0.5882717068423291,-0.9030899869919435
S022,2,Real speakers,4.25,0.5,0.25,0.6283889300503115,-0.6020599913279624
S022,2,Non-individualized HRTF,3,1.4142135623730951,0.7071067811865476,0.47712125471966244,-0.15051499783199057
S022,3,Incongruous room,1.75,0.5,0.25,0.24303804868629444,-0.6020599913279624
S022,3,Closed headphones,2.375,0.47871355387816905,0.23935677693908453,0.3756636139608854,-0.6209542717726623
S022,3,Individualized HRTF,4.75,0.5,0.25,0.6766936096248666,-0.6020599913279624
S022,3,Real speakers,5.75,0.5,0.25,0.7596678446896304,-0.6020599913279624
S022,3,Non-individualized HRTF,7.75,2.362907813126304,1.181453906563152,0.8893017025063102,0.07241678266261956
S022,4,Incongruous room,2.125,0.6291528696058958,0.3145764348029479,0.32735893438633035,-0.5022738138753603
S022,4,Closed headphones,2.25,0.9574271077563381,0.47871355387816905,0.3521825181113625,-0.31992427610868107
S022,4,Individualized HRTF,5.5,0.5773502691896257,0.28867513459481287,0.7403626894942439,-0.5395906230238124
S022,4,Real speakers,6,0.816496580927726,0.408248290463863,0.7781512503836436,-0.3890756251918218
S022,4,Non-individualized HRTF,8.5,1.2909944487358056,0.6454972243679028,0.9294189257142927,-0.19010562085580301
S022,5,Incongruous room,1.75,0.28867513459481287,0.14433756729740643,0.24303804868629444,-0.8406206186877936
S022,5,Closed headphones,2.75,0.5,0.25,0.43933269383026263,-0.6020599913279624
S022,5,Individualized HRTF,5.75,0.9574271077563381,0.47871355387816905,0.7596678446896304,-0.31992427610868107
S022,5,Real speakers,6.625,1.6007810593582121,0.8003905296791061,0.8211858826088455,-0.09669805863207585
S022,5,Non-individualized HRTF,8.5,1.7320508075688772,0.8660254037844386,0.9294189257142927,-0.06246936830415
S022,6,Incongruous room,2.25,0.5,0.25,0.3521825181113625,-0.6020599913279624
S022,6,Closed headphones,2.625,0.47871355387816905,0.23935677693908453,0.4191293077419757,-0.6209542717726623
S022,6,Individualized HRTF,6.375,0.47871355387816905,0.23935677693908453,0.8044801891059927,-0.6209542717726623
S022,6,Real speakers,7.5,0.5773502691896257,0.28867513459481287,0.8750612633917001,-0.5395906230238124
S022,6,Non-individualized HRTF,8,2.581988897471611,1.2909944487358056,0.9030899869919435,0.11092437480817817
S023,1,Incongruous room,0.775,0.26299556396765833,0.13149778198382917,-0.1106982974936897,-0.8810815724997567
S023,1,Closed headphones,1.625,0.75,0.375,0.21085336531489318,-0.42596873227228116
S023,1,Individualized HRTF,0.75,0.20816659994661327,0.10408329997330663,-0.12493873660829995,-0.9826189468703941
S023,1,Real speakers,0.75,0.5,0.25,-0.12493873660829995,-0.6020599913279624
S023,1,Non-individualized HRTF,0.875,0.15000000000000002,0.07500000000000001,-0.057991946977686754,-1.1249387366083
S023,2,Incongruous room,2,0.5773502691896257,0.28867513459481287,0.3010299956639812,-0.5395906230238124
S023,2,Closed headphones,2.875,1.4361406616345072,0.7180703308172536,0.4586378490256493,-0.14383301705299986
S023,2,Individualized HRTF,1.575,0.6994045086119095,0.34970225430595475,0.19728055812561932,-0.4563015680639864
S023,2,Real speakers,1.75,0.5,0.25,0.24303804868629444,-0.6020599913279624
S023,2,Non-individualized HRTF,1.375,0.25,0.125,0.13830269816628146,-0.9030899869919435
S023,3,Incongruous room,3.125,1.4361406616345072,0.7180703308172536,0.494850021680094,-0.14383301705299986
S023,3,Closed headphones,5,1.8257418583505538,0.9128709291752769,0.6989700043360189,-0.039590623023812395
S023,3,Individualized HRTF,2.325,0.3947573094109003,0.19737865470545016,0.36642295722597273,-0.7046998154195442
S023,3,Real speakers,2.275,0.3774917217635374,0.1887458608817687,0.3569814009931312,-0.7241225634917168
S023,3,Non-individualized HRTF,1.975,0.23629078131263032,0.11814539065631516,0.29556709996247904,-0.9275832173373806
S023,4,Incongruous room,3.75,0.9574271077563381,0.47871355387816905,0.5740312677277188,-0.31992427610868107
S023,4,Closed headphones,5,1.632993161855452,0.816496580927726,0.6989700043360189,-0.08804562952784062
S023,4,Individualized HRTF,2.65,0.1914854215512676,0.0957427107756338,0.42324587393680785,-1.0188942804446999
S023,4,Real speakers,2.25,0.28867513459481287,0.14433756729740643,0.3521825181113625,-0.8406206186877936
S023,4,Non-individualized HRTF,1.925,0.41932485418030413,0.20966242709015206,0.2844307338445195,-0.6784793910389473
S023,5,Incongruous room,4.875,0.25,0.125,0.6879746200345557,-0.9030899869919435
S023,5,Closed headphones,5.875,1.3149778198382918,0.6574889099191459,0.7690078709437739,-0.18211156816373783
S023,5,Individualized HRTF,2.65,0.3109126351029605,0.15545631755148026,0.42324587393680785,-0.8083916240743343
S023,5,Real speakers,2.2,0.3559026084010437,0.17795130420052185,0.3424226808222063,-0.7496988247154074
S023,5,Non-individualized HRTF,2.125,0.3947573094109004,0.1973786547054502,0.32735893438633035,-0.7046998154195441
S023,6,Incongruous room,5.875,0.6291528696058958,0.3145764348029479,0.7690078709437739,-0.5022738138753603
S023,6,Closed headphones,5.75,1.5545631755148024,0.7772815877574012,0.7596678446896304,-0.1094216197383156
S023,6,Individualized HRTF,2.575,0.3862210075418822,0.1931105037709411,0.41077723337720984,-0.714194103197847
S023,6,Real speakers,2.5500000000000003,0.5196152422706632,0.2598076211353316,0.40654018043395523,-0.5853481135844875
S023,6,Non-individualized HRTF,2.375,0.25,0.125,0.3756636139608854,-0.9030899869919435
S024,1,Incongruous room,0.1,0,0,-1,-Inf
S024,1,Closed headphones,0.1,0,0,-1,-Inf
S024,1,Individualized HRTF,1,0,0,0,-Inf
S024,1,Real speakers,1,0,0,0,-Inf
S024,1,Non-individualized HRTF,1,0,0,0,-Inf
S024,2,Incongruous room,0.25,0.05773502691896256,0.02886751345948128,-0.6020599913279624,-1.5395906230238126
S024,2,Closed headphones,0.25,0.05773502691896256,0.02886751345948128,-0.6020599913279624,-1.5395906230238126
S024,2,Individualized HRTF,2,0,0,0.3010299956639812,-Inf
S024,2,Real speakers,2,0,0,0.3010299956639812,-Inf
S024,2,Non-individualized HRTF,2.5,0.5773502691896257,0.28867513459481287,0.3979400086720376,-0.5395906230238124
S024,3,Incongruous room,0.525,0.20615528128088306,0.10307764064044153,-0.2798406965940431,-0.9868355306388253
S024,3,Closed headphones,0.65,0.3109126351029605,0.15545631755148026,-0.18708664335714442,-0.8083916240743343
S024,3,Individualized HRTF,3.25,0.5,0.25,0.5118833609788743,-0.6020599913279624
S024,3,Real speakers,3.75,0.5,0.25,0.5740312677277188,-0.6020599913279624
S024,3,Non-individualized HRTF,3.75,0.5,0.25,0.5740312677277188,-0.6020599913279624
S024,4,Incongruous room,0.85,0.28867513459481287,0.14433756729740643,-0.07058107428570728,-0.8406206186877936
S024,4,Closed headphones,0.575,0.17078251276599332,0.08539125638299666,-0.24033215531036956,-1.0685865965126558
S024,4,Individualized HRTF,4,0,0,0.6020599913279624,-Inf
S024,4,Real speakers,4.25,0.5,0.25,0.6283889300503115,-0.6020599913279624
S024,4,Non-individualized HRTF,4.5,0.5773502691896257,0.28867513459481287,0.6532125137753437,-0.5395906230238124
S024,5,Incongruous room,0.7,0.24494897427831783,0.12247448713915891,-0.1549019599857432,-0.9119543704721593
S024,5,Closed headphones,0.725,0.3403429642777023,0.17017148213885114,-0.13966199342900631,-0.7691132185607461
S024,5,Individualized HRTF,4.25,0.5,0.25,0.6283889300503115,-0.6020599913279624
S024,5,Real speakers,4,0,0,0.6020599913279624,-Inf
S024,5,Non-individualized HRTF,4,0,0,0.6020599913279624,-Inf
S024,6,Incongruous room,0.9,0.11547005383792512,0.05773502691896256,-0.045757490560675115,-1.2385606273598313
S024,6,Closed headphones,1.1,0.11547005383792512,0.05773502691896256,0.04139268515822508,-1.2385606273598313
S024,6,Individualized HRTF,4.5,0.5773502691896257,0.28867513459481287,0.6532125137753437,-0.5395906230238124
S024,6,Real speakers,4.75,0.5,0.25,0.6766936096248666,-0.6020599913279624
S024,6,Non-individualized HRTF,4.75,0.5,0.25,0.6766936096248666,-0.6020599913279624
S025,1,Incongruous room,1.175,0.12583057392117916,0.06291528696058958,0.07003786660775509,-1.2012438182113792
S025,1,Closed headphones,1.85,0.7937253933193772,0.3968626966596886,0.26717172840301384,-0.40135972093719036
S025,2,Incongruous room,1.475,0.050000000000000044,0.025000000000000022,0.16879202031418183,-1.602059991327962
S025,2,Closed headphones,1.725,0.20615528128088303,0.10307764064044152,0.23678909940929294,-0.9868355306388255
S025,3,Incongruous room,1.525,0.12583057392117916,0.06291528696058958,0.1832698436828046,-1.2012438182113792
S025,3,Closed headphones,2.5,1,0.5,0.3979400086720376,-0.3010299956639812
S025,4,Incongruous room,1.65,0.09999999999999998,0.04999999999999999,0.21748394421390627,-1.3010299956639813
S025,4,Closed headphones,2.95,0.9,0.45,0.46982201597816303,-0.3467874862246563
S025,5,Incongruous room,1.65,0.09999999999999998,0.04999999999999999,0.21748394421390627,-1.3010299956639813
S025,5,Closed headphones,2.675,1.5564382416273381,0.7782191208136691,0.4273237863572472,-0.10889810280257971
S025,6,Incongruous room,1.875,0.15000000000000002,0.07500000000000001,0.27300127206373764,-1.1249387366083
S025,6,Closed headphones,3.375,0.75,0.375,0.5282737771670437,-0.42596873227228116
